movieId,title,genres,overview
101,Orbit Rescue,Sci-Fi|Adventure,A spacecraft crew crosses the galaxy to rescue explorers stranded on a distant planet.
205,The Last Starship,Sci-Fi|Adventure,A starship pilot travels through deep space to find a missing spacecraft crew.
309,Signal from Europa,Sci-Fi|Mystery,Scientists on an icy moon investigate a mysterious radio signal from beneath the surface.
412,Midnight Evidence,Crime|Mystery,A detective follows clues to solve a disappearance in a rain soaked city.
518,The Missing Witness,Crime|Mystery,A detective searches for a witness whose evidence can solve a city murder.
623,Letters in Spring,Romance|Drama,Two old friends reconnect through letters and find love in a small town.
734,A Second Summer,Romance|Drama,Childhood friends return to their hometown and discover a second chance at love.
846,Kitchen Rivals,Comedy,Two rival chefs compete in a chaotic cooking contest and learn to work together.
951,The Accidental Chef,Comedy,A novice cook enters a cooking contest and turns a restaurant kitchen upside down.
1067,Forest Guardians,Animation|Adventure,Young woodland animals join a journey to protect their forest home.
1180,River of Wings,Animation|Adventure,A young bird and woodland friends travel along a river to save their forest.
1294,Under the Ice,Documentary,A documentary explores the science and wildlife of polar oceans.
